"","Ca","Mg","K","Na","Fl","SO4","Cl","NO3","TH","pH","EC","TDS","WQI"
"1",76,30,1.3,7.4,0.3,4,11.2,0.02,313,7.01,57.7,460,35.9915047058823
"2",60,40,1,15,0.2,4,16,0.45,315,7.21,65,524,37.5504549019608
"3",60,62,3.5,35,0.4,29,33,0.7,405,7.89,85.7,652,49.3842215686275
"4",24.6,16.9,2.2,22.5,0.2,2.7,5.7,1.8,131,8.39,31,180,24.3234537254902
"5",45.8,30.8,2.6,6.7,0.1,0.3,5.5,2,241,8.13,53,336,30.3888098039216
"6",35.5,38.9,0,3.3,0,2.1,5.8,4.3,249,7.71,61,362,29.7815070588235
"7",81.5,34.6,2.98,21.2,0.17,11.4,11.5,5.14,346,8.04,63,416,38.6589725490196
"8",99.8,33.3,0.4,12.2,0.29,12,19,7.01,358,7.74,79,553,44.288737254902
"9",77,33,3.2,23,0.2,3,16.3,5.6,328,7.22,65.5,488,39.4022560784314
"10",22,8,2.2,24,0.4,15,21,6.5,87.9,7.6,29.6,216,26.8574274509804
"11",79,36,1.4,15.9,0.1,2,17,6.8,345,7.41,70.5,480,38.6061450980392
"12",63,40.4,3.6,24.3,0.1,5.1,31.6,10.2,323.35,7.8,68,446,39.5282709803922
"13",77.3,49.2,1.88,7.32,0,7.73,13.87,10.23,395,8.11,422.5,426,43.2407581176471
"14",90,33,1.6,42,0.4,28,44,11.2,361,7.56,77.2,555,47.936862745098
"15",51.2,32.2,2.7,22.8,0.1,8.1,23.7,12.7,260.18,8.59,53,382,37.0866439215686
"16",75.6,37.2,4.2,44.8,0.5,3.3,22.4,14,341.63,7.36,72,474,46.1164525490196
"17",84.6,31.5,2.3,17.1,0.3,2.8,13.5,16.5,340.64,7.04,69,462,42.3644882352941
"18",46.3,28.3,3.7,22.6,0.1,11.3,24.5,18.3,231.92,8.47,55,386,38.1321098039216
"19",52.8,33.5,3.4,26.2,0.1,13.6,25.5,18.4,269.52,8.57,62,432,40.9749215686275
"20",43.4,30.8,1.2,4.1,0.1,1.4,7.8,5.3,235,8.39,56,364,31.8704403921569
"21",17.7,8.2,2.6,14.1,0.1,3.3,6.5,7.8,78,7.6,26,124,20.5801274509804
"22",12.6,6,2.5,15.6,0.1,0.7,2.5,4.3,56.12,7.7,21,108,18.4638392156863
"23",12.2,6.3,2.5,11.7,0.1,0.9,3.7,6.6,57,7.41,20,90,18.0662850980392
"24",14,6.1,2.8,13.6,0.1,0.7,2.5,4.7,60,7.59,21,102,18.3744862745098
"25",12,6.4,2.8,11.8,0,0,5,8.9,56,7.69,19,156,20.0357647058824
"26",18.6,8.9,1.8,19.6,0.1,1.4,14.6,15.3,83,7.11,28,246,25.7136298039216
"27",23,11.4,2.8,22.3,0.1,5.9,18.9,7.3,104,7.47,30,206,24.0661721568627
"28",10,5,3.2,11,0,0,5,4.5,45.52,7.4,17,136,17.5824705882353
"29",35.2,15.8,2,25.9,0.1,31.6,13,8.4,153,6.99,36,284,28.2767156862745
"30",14,5,3,133,0.4,165,80,0.06,56,7.45,69,443,41.5153098039216
"31",7.4,8.3,0.5,4.2,0.1,1.3,1.5,0.06,53,7.91,11,76,15.3986039215686
"32",5.5,3,1,5.5,0.1,1,5.1,0.02,26,5.65,7.67,62,11.4596880392157
"33",21,15.7,2.5,14.6,0.3,13,10.4,0.02,117,6.75,25,220,23.3803741176471
"34",46,13.2,1.5,8,0.3,13,7.3,0.02,169,6.7,30.2,267,25.8071482352941
"35",39.3,43.6,1.63,22.1,0.17,8.26,2.15,0.07,317,7.9,61,356,32.5517160784314
"36",29.2,22.8,4.5,11.9,0.1,48.5,2,0.1,166.63,7.21,50,352,29.1018215686275
"37",45,44,11.6,19,0.1,15.8,0,0.1,293.25,7.6,64.2,446,37.1630274509804
"38",40,57,7,10,0.2,5,5,0.1,336,8,58,374,35.8236078431373
"39",31.5,32.8,0.6,7.8,0.2,9.6,3.5,0.1,214,7.29,50,338,28.6653843137255
"40",2.3,3.3,0.5,2.6,0.1,0.7,1.6,0.2,20,7.16,5,12,11.5099356862745
"41",5.7,5.8,1.1,3.5,0.1,4.5,5.2,0.3,38.08,6.5,7.25,112,14.4405880392157
"42",310,27,5.5,231,1.5,1048,86,0.4,885,7.15,185,2110,160.885141176471
"43",10.5,20,0.8,4.5,0.1,0.2,2.1,0.4,109,6.7,20.4,278,21.3971415686275
"44",29,24,0.1,8.3,0.2,66,5.1,0.4,171,5.95,37.4,262,25.3256866666667
"45",72.6,13.4,3,107,0.6,64.5,18.8,0.5,237,7.29,86,530,46.3446776470588
"46",45.2,35.4,1.1,27.2,0.4,8.2,6.3,0.5,258.37,7.41,54,328,32.9531050980392
"47",83.9,37.3,1.6,21.6,0.2,13.6,8.7,0.5,362.75,7.21,67,430,37.2340949019608
"48",14.1,12.9,1.2,15,0.1,1.2,3.4,0.6,88,6.48,22,140,17.3790956862745
"49",21.8,6.56,1.57,9.33,0.1,11,4.81,0.64,81.5,7.17,18,118,17.6647788627451
"50",23,25,1.6,8.3,0.1,5.2,26,0.7,160.21,7.5,28.4,226,23.5571156862745
"51",31.7,39.7,0.5,2.5,0.1,2.3,4.2,0.9,242.38,7.86,56,346,29.3238380392157
"52",45,25.5,0,1.6,0,4.33,4.47,0.99,217,7.94,37,190,23.2087781176471
"53",15,16,3.2,30,0.1,20,0,1,103,6.47,36.6,250,22.9388745098039
"54",13.8,13.3,2.1,15.9,0.1,7,0,1,89,6.5,27,220,20.2605980392157
"55",8.7,7.8,1.9,5.6,0.1,0.2,5.2,1,54,6.5,12.4,142,16.1615380392157
"56",63.4,41.2,0.5,3.4,0.1,0.9,5.5,1,327.64,8.25,53,384,33.6110039215686
"57",4,85,3.6,7,0.1,2,4,1.1,359.58,8.59,64.2,455,37.6518039215686
"58",82,71,1.3,35,0.4,6,11.3,1.2,497,7.8,100.2,612,49.7122109803922
"59",41,23.2,0,1.2,0,3.02,3.66,1.39,198,8.04,36,186,22.6595778823529
"60",48,26,0,5,0,0,12,1.4,0,7.7,42.3,0,18.1414058823529
"61",18.8,9.21,1.53,13.1,0,2.66,6.74,1.42,89.8,7.48,23,148,18.221728
"62",64.8,39.4,0.5,2.6,0.1,0.8,5.1,1.5,323.73,7.53,60,428,33.9803592156863
"63",84,69,2.6,10.5,0.2,9,12.6,1.8,494,6.94,87.5,618,46.1879631372549
"64",58,38.2,0.6,2.9,0.2,6.7,5.5,1.8,302,8.6,52.4,338,33.3343784313726
"65",45,23,0,5,0,0,11,1.8,0,7.7,38.1,0,17.5960058823529
"66",70.4,41.3,0.5,2.7,0.1,1.8,4.8,1.9,345.51,7.9,59,488,36.951322745098
"67",56.9,41.1,1.5,5,0.1,0.6,4.7,2.1,311,8.37,54,346,32.7921380392157
"68",13,133,0.7,5.8,0.1,5.7,23.6,2.2,579.46,7.86,81,508,44.7302180392157
"69",6,4.7,0,16.1,0.2,5,13.3,2.4,34,6.6,11.79,34,14.2489931372549
"70",97.7,69.1,2.1,40.3,0.2,36,43.3,2.5,527.97,7.74,101,680,52.889597254902
"71",9.6,10.9,1.8,9.5,0.1,1,0,2.5,69,6.52,19.7,140,17.1951803921569
"72",2.3,139,0.8,5.9,0.1,3.5,7.6,2.5,577.45,7.77,86,546,45.4562474509804
"73",39.6,28.3,0,1.7,0,1.6,3.7,2.5,215,8.33,36,240,25.33234
"74",52,30,0,7,0,0,16,2.7,0,8.2,46.9,0,20.1378647058823
"75",35.7,38.7,0.5,2.5,0.1,3.7,3.7,2.9,248.24,8.11,54,374,31.2113674509804
"76",80,45,3.5,12.4,0.2,3,24,2.9,385,6.95,73.3,448,38.6268843137255
"77",36.3,17.1,1.5,8.5,0.1,3.2,3.3,3.3,161,7.11,32,240,23.9897698039216
"78",42,23,0,5,0,0,10,4.2,0,7.7,38.4,0,18.0201058823529
"79",80,72,0.2,15.5,0.4,4,13.9,4.9,496,6.94,83.7,622,48.5023898039216
"80",36.5,36.3,0.5,2.1,0.1,1.4,3.9,5.2,240.37,8.28,55,398,32.4404074509804
"81",56,58,5,15,0.3,5,4,5.3,380,7.45,69,440,40.5839764705882
"82",96,71,1.8,30,0.4,26,16.9,6.1,532,7.58,102.9,708,55.2799250980392
"83",56,31,0,6,0,0,18,6.3,0,7.7,51,0,20.9613058823529
"84",26,17.4,1,6.7,0.3,1,15,8.8,136,6.77,25.5,212,25.1631764705882
"85",57,43,0.5,16.9,0.1,9,13.3,11.5,319,7.45,69.3,496,39.5052698039216
"86",57,42,2.2,38,0.2,24,34,16,315,6.5,78.3,472,41.892531372549
"87",36,22,6.8,13.7,0.1,19,27,27.7,180,6.77,70,405,38.3454098039216
"88",33,21,3.2,0,0.2,44,8.8,0,169,6.7,34.2,276,26.1960149019608
"89",10,5,3.2,11,0,0,5,4.5,45.52,7.4,17,136,17.5824705882353
"90",35.2,15.8,2,25.9,0.1,31.6,13,8.4,153,6.99,36,284,28.2767156862745
"91",49,29,3,91,0,31,74,0.02,242,7.5,63.5,411,36.0457823529412
"92",60,31,0,1.26,0.7,43,91,41,278,6.95,120.5,900,64.5908509803922
"93",44,23,4.1,95,0.7,19,57,0.1,332,7.3,81.5,504,43.8812921568627
"94",76,38,2.9,45,0.8,7,27,0.9,346,7.65,73,564,48.1440666666667
"95",81,38,2.2,37,0.1,8,78,0.3,359,7.5,81.2,530,40.8570156862745
"96",62,50,2.1,74,0.2,34,2.1,1.6,381,7.44,124.3,824,52.3767219607843
"97",69,52,3.4,90,0.2,23,88,6,386,7.3,113.5,864,56.8618254901961
"98",92,54,3.6,82,0.2,12,1,13.6,452,7.05,104.6,768,56.3019960784314
"99",1,57,1.5,70,0.4,23,1.17,29.1,484,7.35,11.2,828,55.9404020392157
"100",80,42,4.1,18,0.4,3.8,20,0.4,0,6.95,82.1,512,41.7067509803922
"101",0,0,0,0,0.5,0,0,5.3,0,7.5,62.5,422,28.3600490196078
"102",30,23,5.8,1.28,0.3,53,1.94,0.02,170,7.55,91.1,600,38.8696162352941
"103",46.3,35.6,0.71,1.47,1.36,44.9,99.3,19.7,262,7.91,100,646,58.4922139215686
"104",70.4,54,6.86,73,0.15,38,81.9,1.02,376,7.84,91,554,47.6657623529412
"105",89.2,40.4,4,49.6,0.1,34.7,63.5,0.8,388.72,7.25,88,570,44.5746862745098
"106",60.7,44.9,9.44,91.3,0.21,45.9,76.3,0.96,401,7.74,90,566,48.2109305882353
"107",79.1,56.3,0,72.8,0.18,31,99.8,0.3,446,7.85,94,572,47.5045835294118
"108",73.5,69,1.23,49.4,0.16,34.74,1.54,0.3,467,7.98,0,666,48.4413001568627
"109",84.9,64.7,4.07,32.5,0.23,23.5,17.1,0.36,478,8,82,512,45.8649278431373
"110",35,20,2,40,0.3,4,45,13.6,170,7.2,43.4,362,34.6790470588235
"111",39,19,2.7,47,0.61,25,12,0.2,176,7.45,54.6,412,36.7015098039216
"112",37,24,1.4,52,0.4,13,16.8,40,191,7,53.7,482,47.2390168627451
"113",40,30,2.5,40,0.4,24,54,20,223,6.79,64.3,472,42.6894921568627
"114",67,21,4.9,37,0.31,25,18,0.02,254,6.9,67.9,464,37.3888450980392
"115",36,43,7.8,1.51,0.3,49,57,0.4,267,7.35,100.9,682,44.9920147058824
"116",47.3,37.2,0.84,89.9,1.91,34.2,17.5,0.54,271,8.15,80,520,57.8272254901961
"117",58.5,33.1,4.1,57.5,0.1,9.2,74.3,1,282.1,7.75,77,496,39.3872050980392
"118",67,30,6.2,53,0.6,25,75,0.02,290,7.55,74.6,580,47.0217882352941
"119",89.7,22.5,2.24,16.7,0,12.4,8.95,1.5,305,7.67,56,344,32.3032223529412
"120",95.9,26.3,2.57,18.1,0,15.4,16,0.92,333,7.73,61,404,35.2319294117647
"121",66,43,2.4,1.2,1.1,70,1.09,9,342,7.08,91,712,56.3722276078431
"122",76,38,2.9,45,0.8,7,27,0.9,346,7.65,73,564,48.1440666666667
"123",46,61,7.6,81,0.4,21,88,1.1,366,7.4,104.6,744,53.8450039215686
"124",78,46,1.5,28,0.2,19,21,0.8,384,6.88,68.8,452,38.6831960784314
"125",1,33.6,0.5,47.9,0.1,3.1,14.9,7.7,387.7,7.6,82,568,36.3954074509804
"126",55.1,63.7,8.16,75.3,0.33,39.6,50.5,0.1,400,7.89,88,542,48.8550882352941
"127",3.6,1.8,1.8,1.1,0.2,1.2,9.49,3.9,1640,7.09,392,3488,115.260548784314
"128",45.6,29,3.08,41.6,0.19,9.42,31.9,4.84,233,8.34,54,334,34.3150345098039
"129",70.6,55.8,7.75,82.4,0.2,49.3,86.3,0.82,406,8.33,95,596,51.2415266666667
"130",1.87,69.3,0.09,35.2,0.1,2.92,97.33,4.63,752,7.81,0,1126,55.1262681568627
"131",4.91,3.76,1.26,2.16,0.1,3.26,1.89,0,2774,7.53,760,5084,162.778247215686
"132",43.7,44.4,7.57,1.6,0.63,1.09,97.7,1.81,292,8.58,107,684,49.7391294117647
"133",47,22,1,60,0.7,19,49,0.1,208,7.1,50.8,352,36.709168627451
"134",45,31,1.41,1.13,0.5,64,76,2.6,240,7.43,53.5,770,47.9090107843137
"135",49,29,1,67,0.44,31,59,0.1,242,7.5,60,386,37.6883490196078
"136",44,38,6.9,39,0.4,12,30,0.1,266,7.73,74.8,492,40.667662745098
"137",50,35,3.9,70,0.5,17,53,13.2,269,7.7,86.6,550,48.1765725490196
"138",60,32,1.9,45,0.3,10,75,38,282,7.58,90,604,53.4714117647059
"139",71.6,29.76,1,44,0.78,10,12,3.7,296,7.1,71.8,430,42.3376352941176
"140",83.9,30.5,2.71,24.1,0.1,10.3,14,2.68,321,7.8,62,328,34.2848509803922
"141",91.2,25.1,1.8,33.5,0.1,13,70.7,0.5,330.78,7.14,73,472,37.8316733333333
"142",89.6,25.92,1.8,46,0.56,7,14,6.4,332,7.3,79,474,43.7999254901961
"143",85,42,2.5,78,0.28,47,51,4,336,7.1,101.6,656,50.551368627451
"144",59,47,2,45,0.5,17,27,0.2,341,7.1,80.7,479,41.9760019607843
"145",98.4,24.9,2.73,28.9,0.24,21.3,21.4,2.44,362,7.68,67,412,38.9419035294118
"146",69,46,3.1,29,0.5,15,24,3.1,362,7.15,81.3,516,44.0287078431373
"147",77,45,3,73,0.47,27,74,4.3,377,7.6,108,646,52.0437607843137
"148",76,48,0,93,0.6,21,1.76,36,388,6.88,132.6,1056,72.3688414117647
"149",78.2,49.8,3.6,54.9,0.4,24.1,1.23,19.8,400,7.54,105,704,56.3376563921569
"150",70,55,5.1,77,1.1,28,1.08,1,401,7.55,110.2,760,60.7135509019608
"151",62,44.4,4.64,64.5,0.15,18.9,23.5,0.5,422,7.71,77,476,40.9489470588235
"152",0,0,0,0,0,0,0,0,427,0,0,0,0
"153",98,45,3,1.21,2.18,1.45,89,1.6,431,7.6,123.8,878,71.6663107843137
"154",91,51,3,59,0.2,61,70,0.2,437,7.3,116.6,634,50.0673254901961
"155",97,49,2.7,52,0.3,4,1.27,14.9,444,7.2,102,744,55.0488710588235
"156",1.25,38,0.7,29,0.1,6,1.34,1.4,468,7.1,108.6,824,41.139176627451
"157",78.4,57.3,5.28,86,0.19,40.1,60.7,0.3,485,7.64,92,550,48.5376321568627
"158",1.91,12.6,1.7,37,0.1,4.3,29,8.8,528.37,6.1,35,324,24.9742509803922
"159",1.29,53.9,3.2,39.4,0.1,7.2,1.92,1,545,7.17,119,1050,50.6116608627451
"160",1.18,75,2.4,78,0.4,40,2.87,23,604,7.14,149.1,1180,68.6899773333333
"161",0,0,0,0,0,0,0,39.8,612,0,0,0,11.144
"162",99,93,2.6,1.13,0.4,75,2.19,5.6,629.51,7.9,131,904,64.633240745098
"163",37,48,6.5,88,0.3,16,48,1,290,7.76,95.5,620,46.9194529411765
"164",1.12,24.6,2.25,23,0.18,11.7,22.4,2.39,353,8.35,65,398,30.3018623529412
"165",89.8,72.3,9.8,2.06,0.97,3.65,1.6,2.75,522,8.21,160,1150,72.9527592156863
"166",36,23,2.8,38,0.2,6.2,35,10.2,184.42,7.3,47.1,384,34.0926254901961
"167",51,33,2,71,1.5,75,62,0.05,264,7.1,77.9,566,54.8865352941176
"168",46,40,6.5,1.12,0.3,33,68,0.8,280,7.6,106.6,592,42.6468941176471
"169",64,39,3.4,40,0.2,6,28,8.8,320,7.32,75.9,524,42.2781078431373
"170",91.2,23.04,0,61,0.87,23,20,5.1,324,7.4,79,506,47.9732705882353
"171",73,38,1,53,0.2,12,35,2.6,339,7.05,83.6,596,43.1607960784314
"172",63.8,46.2,1.08,16.4,0.2,13.34,26.84,0.3,349,8.07,0,414,36.3963640784314
"173",65,47,5.3,50,0.2,10,20,0.1,356,7.39,54.9,580,43.2810960784314
"174",78,47,5,80,0.4,74,1.06,0.6,388,7.5,86.3,567,49.6903876862745
"175",1.08,42.8,1.3,33.3,0.1,8.6,1.28,1.6,445,7.04,95,644,36.9215575686275
"176",1.61,95.7,2.6,1.09,0.2,25.8,4.12,26.8,795.31,7.28,203,1674,81.1320371372549
"177",4.46,3,2.99,1.45,0.1,2.58,1.46,158.42,2349,7.41,630,4368,185.747967098039
"178",65.6,29.76,0,50,1.49,10,31,13.5,288,7.8,72.8,418,52.0419843137255
"179",86.4,39.36,1.3,65,0.67,30,84,9.6,380,7.4,101,596,53.1628039215686
"180",33,14,0.8,51,0.4,4,4.2,2.7,141,7.46,48,348,31.4134909803922
"181",51,26,3.2,30,0.72,0,37,3.8,236,7.4,60.3,370,38.1481705882353
"182",36,60,7.3,52,0.3,12,25,1.9,337,8.04,98,532,44.6437058823529
"183",38,32,3,1.35,0.3,97,94,8,229,7.6,109,659,46.5678441176471
"184",44,32,2.3,1.43,0.6,61,96,2.7,242,7.55,110.9,965,55.5150382352941
"185",1.33,65,1.5,2.24,1.6,2.89,1.97,32,600,7.02,148,1316,79.9565632156863
"186",2,1.07,2.8,1.25,0.2,1.01,4.49,23.4,939.09,7.08,241,1948,75.9052976078431
"187",60.8,19.2,0,44,0.89,11,14,2.3,232,7.5,57.7,366,39.2180490196078
"188",33,20,2.3,27,0.1,1,16.9,2.6,165,7.02,41.7,268,25.7620192156863
"189",97.6,45.4,1.9,70.6,0.3,51.2,1.52,2.8,430.24,7.39,115,928,59.0623534117647
"190",12.5,15.7,5.56,1.48,0.23,66.7,76.7,1.29,95.9,8.19,80,488,35.1181301960784
"191",24.7,31.1,4.5,71.7,0.3,20.8,64.9,0.2,189.54,7.46,62,356,34.6536976470588
"192",44,31.9,6,1.05,0.4,41,64.3,0.9,240.98,7.39,83,576,41.599272745098
"193",79,40,1.4,49,0.26,18.9,41,10,326,7.25,84.4,566,46.1622196078431
"194",24,14.3,1.2,0,0,0,0,28,119,6.4,33.8,414,32.0221529411765
"195",28,16.3,1.9,0,0,0,0,17.4,137,6.7,38.8,454,31.3523882352941
"196",45,29,2.8,0,0,0,0,0,232,7.6,53.6,408,29.6288941176471
"197",50,28,2.3,0,0,0,0,0,240,7.7,65.7,606,35.5904058823529
"198",45,32,1.9,0,0,0,0,10,244,7,55.3,460,33.2621235294118
"199",70,55,5.1,77,1.1,28,1.08,4.6,401,7.55,110.2,760,61.7215509019608
"200",1.39,1.19,1.5,0,0,0,0,26,837,7.8,145,1384,58.3501176470588
"201",79.2,24.1,2.05,31.2,0,1.97,45.5,12.2,297,8.14,68,418,38.1231976470588
"202",359,714,92,1740,0.6,976,4620,0.02,3835,7.1,1122,12015,664.183835294118
"203",15,8,1.6,30,0.2,5,16,0.02,70,7.88,27.7,255,23.7738137254902
"204",64,19.92,3.8,28,0.3,5,15,0.29,243,7.45,52.7,337,32.5964764705882
"205",29.6,20.7,0.3,45,0.6,14,15,0.34,164,8,48.3,309,32.8274411764706
"206",49.1,58,5.91,30.9,0.17,6.08,11.1,0.43,404,8.52,59,412,39.0049890196078
"207",96,33.12,2.2,40,0.2,25,49,0.5,378,6.9,81,518,41.7342784313726
"208",168,98.7,5.24,60.9,0.07,116,174,0.73,594,7.73,155,1030,76.633562745098
"209",38,19.2,0.6,58,0.2,16,11,1,175,8,55.4,355,31.8202078431373
"210",42,16.8,1.9,24,0,4,20,1,175,7.45,41,264,25.0551764705882
"211",86.1,62.8,1.57,40.3,0.17,35,101,1.16,343,7.97,93,588,48.6637843137255
"212",62,22.8,2.2,24,0.7,6,14,1.5,250,7.05,51.1,327,35.481762745098
"213",24,13.2,0.5,61,0.2,8,8,1.7,115,8.05,44,281,27.8479137254902
"214",76.8,25.4,3.4,37.1,0,3.08,11.3,1.74,296,8.09,65,376,34.1423917647059
"215",55.2,21.6,2.7,30,0.6,25,15,2.2,228,8.2,53,342,37.0377647058824
"216",59,29,3.6,29,0.1,10,38,2.8,267,7.5,62.6,388,34.1464156862745
"217",64,7.2,2.3,34,0.6,3.5,19,3.5,248,8.2,58,378,36.8345647058824
"218",37.1,24.4,0.7,58,0.4,25.9,22.5,3.7,192.92,8.04,60,396,36.7356392156863
"219",91.3,85.7,2.45,28.7,0,55.7,23.6,3.8,581,7.9,101,674,52.9206494117647
"220",102,66.72,2.4,31,0.4,118,65,4.2,533,7.7,104,665,57.5394392156863
"221",89.5,20.2,6.8,43,0.2,28.4,75.6,4.4,306.39,7.97,74,722,49.4741043137255
"222",73.2,25.68,2.4,55,0.4,26,47,5,290,7.35,74,476,42.2100980392157
"223",50,25,1.4,43,0.6,6,32,5.2,228,7.39,60.8,410,38.6157294117647
"224",35.7,23.3,2.09,39.4,0,12.3,24.4,5.7,185,7.86,41.7,298,29.2094447058824
"225",96,47.8,1.61,69.3,0.12,13.5,48.6,5.89,437,7.87,97,574,48.0332258823529
"226",40,99,24,256,0.6,68,426,6.1,507,7.56,225,1388,98.1137294117647
"227",22.3,15.7,0.67,29.2,0,15.6,22.1,6.4,102,7.46,34,224,24.0195376470588
"228",76,28.8,2.7,35,0.3,20,33,6.8,310,7.35,65,436,39.9743647058824
"229",76,37.72,0.6,22,0.2,14,13,7,354,7.55,71,454,39.4582549019608
"230",22.6,20.2,1.17,22.2,0,10.2,13.5,7.41,114,8.02,36,224,25.1431235294118
"231",26,13.8,0,58,0.8,14,25,7.5,122,6.85,48.3,394,37.0966725490196
"232",61,27,6.4,40,0.2,16,38,7.7,263,7.25,64.3,524,41.2739196078431
"233",61,27,6.4,40,0.2,16,38,7.7,263,7.25,64.3,524,41.2739196078431
"234",90,19.2,1.1,52,0.4,10,200,7.7,304,6.93,93.6,745,51.446168627451
"235",23.3,20.8,1.08,24.2,0.11,12.5,13.3,7.95,116,8.12,37,240,27.1808619607843
"236",79.9,35,5.1,31.7,0.1,15.4,26.8,8.4,343.31,7.84,71,388,39.1934756862745
"237",53.5,19.6,8.59,58,0,58.5,47.6,8.7,214,7.51,62,432,38.8444435294118
"238",36.4,19,1.04,30.3,0.17,17.1,20.7,8.71,143,7.42,47,290,29.8935596078431
"239",73.2,22.08,3.1,44,0.2,18,55,9,275,7.9,69,442,40.2337960784314
"240",73.2,22.08,3.1,44,0.2,18,55,9,275,7.9,69,442,40.2337960784314
"241",13.6,9.66,1.8,23,0.2,0.5,13,11.2,76,7.35,26.7,171,23.490931372549
"242",111,35,8,87.9,0.3,45.6,136.9,9.5,420.9,7.96,115,430,51.1853564705882
"243",76,38,3.6,44,0.2,36,55,9.7,346,7.46,83,556,46.0777843137255
"244",38,19.2,1.5,54,0.55,15,29,11.4,175,7.05,58.7,376,37.606362745098
"245",66,37,4.3,70,0.4,36,57,13.1,317,7.5,83.3,656,52.1989156862745
"246",84.7,52.7,1.66,34.7,0.01,36.8,70.7,14.8,290,7.91,86,566,48.3873439215686
"247",40,38.64,0.4,45,0.8,27,40,15,278,7.5,71.8,459,46.3421490196078
"248",77.9,41.3,2.4,129,0.4,71,124.6,15.4,364,7.56,140,876,65.299382745098
"249",87.4,50.8,1.56,37,0.1,37.6,69.3,17,278,7.73,86,586,50.248422745098
"250",115.2,42.8,1.1,64,0.3,65,76,19,465,7.1,113,723,59.3634352941176
"251",52.2,34.9,2.31,34.6,0.15,32.4,69.1,22,129,7.71,71,448,43.2366670588235
"252",97.8,58.7,1.9,34.6,0.1,49.3,91.9,25.3,261,7.82,98,630,56.4608133333333
"253",110,43.7,3.33,57.3,0.2,21.1,56.8,30.2,455,7.8,105,680,59.4203443137255
"254",23.4,10.8,1.69,12.6,0,4.12,9.54,0.3,103,7.98,25,150,19.2904868235294
"255",37,81.3,5.1,40,0.2,10,21,43.7,168,7.73,425,0.5,45.1613960784314
"256",50,22,6.7,36,0.3,5,15.3,55.6,215,7.4,432,0.8,42.9952305882353
"257",54,27,2.2,62,0.6,13,19.4,69.3,246,7.31,516,4.7,51.83088
"258",54,21,1.7,42,0.2,5,25,76.8,221,7.18,585,1.6,48.747231372549
"259",53,46,2.7,67,0.6,16,39,110.5,322,7.56,600,4,67.4663294117647
"260",71,30,3.1,18.8,0.3,2,6,75.7,300,7.34,360,4,48.6030235294118
"261",45,13,0.4,32,0.4,8,16,39.9,166,7.73,255,2.7,34.940662745098
"262",34,15.8,1.4,27,0.2,1,16.9,38.2,150,7.1,296,6.6,31.5959819607843
"263",61,26,1.6,55,0.4,12,20,66.7,259.13,7.6,418,2.1,48.4084274509804
"264",49,39,5.6,34,0.5,13,26,66.6,283,7.42,428,0.3,49.8966196078431
"265",45.8,23.4,2.1,61.7,0.2,16.7,33.7,61,210.52,7.16,452,23.3,44.5556890196078
"266",67,37,2.5,34,0.3,8,84,74.4,320,7.39,484,11.5,52.0093294117647
"267",64,49,3.2,26,0.2,14,41,75.3,362,7.49,492,5.2,52.1064078431373
"268",116,38.8,1.58,10.8,0.13,20.1,40,84,320,8.12,518,10.6,57.184768627451
"269",61.9,26.9,1,111.6,0.5,34.7,50.6,82,265.08,7.14,554,3.4,58.2543866666667
"270",72,40,0.9,39,0.2,9,15,75.3,344,7.08,568,1.7,51.4226196078431
"271",70,54,4.1,44,0.1,16,28,90.1,397,7.45,584,15.8,58.6115098039216
"272",69,39.1,2.4,46.4,0.2,34.4,81.3,89,332.97,7.05,658,14,58.5203560784314
"273",60,40,5.9,55,0.3,14,38,84.8,314,7.45,660,3.4,57.9919764705882
"274",55.7,52.3,2.3,90.3,0.4,51.4,88.5,114,354.08,7.57,798,19.5,72.8831039215686
"275",17,7,1.1,11,0.2,5,5,19.8,71.21,7.6,158,3,22.2639607843137
"276",19.5,7.4,1.4,18.9,0.2,4,10.5,23.3,79,7.31,240,0.6,24.4095666666667
"277",35,40,6.2,49,0.5,16,14.8,73.8,252,7.69,468,1,52.523191372549
"278",71.2,42.7,1.5,52.8,0.2,19.5,62.4,77,353,7.03,500,5.8,53.1195937254902
"279",64.4,42.6,3.8,53.8,0.2,28.4,101.5,78,335.89,7.21,512,2.8,54.4850549019608
"280",49,36,2.1,53,0.2,31,23,73.2,271,7.35,524,4.5,50.226031372549
"281",66,64,3.5,24,0.5,3,27,81.6,428,7.42,595,10.4,59.2726196078431
"282",60,50,1.6,90,0.3,5,45,82.5,356,7.52,705,1.1,59.3415647058824
"283",80.9,38.4,1.19,37,0.12,8.73,26.7,77,341,8.09,480,4.37,52.1901317647059
"284",34.1,17.4,2.8,33.6,0.2,10.3,25.6,45,157,7.07,302,1.9,34.6561984313726
"285",65,31,3.1,38,0.2,14,58,70.7,289.68,7.1,420,2.2,48.0631019607843
"286",58.7,31.7,0.8,41,0.2,8.2,37.4,60,276.84,7.05,388,5.3,43.4492760784314
"287",75,40,3.3,14.8,0.1,3,16.8,69.1,352,7.52,472,12.2,48.1278580392157
"288",52,45,5.1,25,0.5,11,16,59.7,315,7.53,485,5.4,49.1267725490196
"289",53.3,46,1.1,53.3,0.5,31.3,58.9,75,322.18,7.19,538,23,55.7147525490196
"290",58,37,4.1,50,0.1,4,21,82.3,297,7.45,556,0.6,52.4775098039216
"291",94,33,2.3,16.7,0.3,3,9.9,69.4,371,7.01,572,6.8,50.8055447058824
"292",75,45,6.2,70,0.1,9,63,102.5,373,7.3,640,14.7,63.6435921568627
"293",61,37,1.8,98,0.7,11,46,96.8,305,7.4,674,24.6,66.3858039215686
"294",75,76,1.4,24,0.3,7,50,119.9,500,7.32,675,3,70.7019411764706
"295",106,33,3.44,47,0.33,19.1,33.5,88,401,8.02,580,21.9,61.5316235294118
"296",71.3,52.5,2.26,196,0.7,92.9,174,131,394,8.23,938,12.5,91.0283215686274
"297",79.7,78.8,1.12,32.1,0.34,5.85,32.8,95,459,8.14,592,5.46,65.0950909803922
"298",80,21,5.2,44,0.3,19,32,67.5,286,7.5,460,3,49.7542823529412
"299",80,34,1,13.9,0.2,5,12.1,54.7,340,7.34,505,1,43.9255101960784
"300",42.4,58.2,5.7,94,0.2,12.1,45.5,91,345.16,7.3,614,10.7,60.7993254901961
"301",57,30,2.2,61,0.1,13,53,57,266,7.1,198,5.9,40.915368627451
"302",33.4,20.1,3.8,45.3,0.1,5.5,9.2,46,166,7.31,316,2.8,35.1902733333333
"303",36,25,1.1,36,0.1,18,40,59.3,235,7,390,1.3,39.7575568627451
"304",44,18,1.9,75,0.4,7,67,73.6,183.81,7.9,440,7.9,50.144462745098
"305",54.5,32.6,2,72,0.1,1.6,6.4,74,270.06,7.22,502,2.4,48.724142745098
"306",77,40,2.5,47,0.3,18,60,83.9,356.63,7.6,530,3.9,57.0504941176471
"307",89,48,0.2,41,0.1,12,31,89.5,420,7.52,556,3.6,57.4720980392157
"308",80,31,1.2,47,0.2,7,43,82.4,327,6.75,570,7.9,53.4197607843137
"309",108,38,1.3,59,0.4,34,60,102,426,6.9,624,7.5,66.3047450980392
"310",46.9,38.5,1.8,105,0.4,6.7,53.3,106,275,7.27,662,17.6,64.968128627451
"311",61.1,31.1,2.6,52.4,0.3,11.5,51.7,8,281,7.06,508,20.9,32.9477105882353
"312",70.4,38.1,3.8,75.6,0.4,3.9,60.3,79,332.35,7.38,582,7.8,57.3882815686274
"313",49,35,3.9,125,0.6,60,100,108,266,7.2,714,3.7,70.9952470588235
"314",46.2,46.8,5.47,175,0.9,1.9,49,102,307.76,7.49,786,0.2,74.4724411764706
"315",52,33,4.7,77,0.3,36,25,73.5,266,7.1,496,1.8,52.3386352941177
"316",72,17.4,2.3,23,0.3,3,7,76.1,251,7.2,460,7.2,48.3256470588235
"317",76,30,1.3,7.4,0.3,4,11.2,57.7,313,7.01,460,0.02,43.6877647058824
"318",45.8,30.8,2.6,6.7,0.1,0.3,5.5,53,241,8.13,336,2,38.4298098039216
"319",22,8,2.2,24,0.4,15,21,29.6,87.9,7.6,216,6.5,29.5098274509804
"320",79,36,1.4,15.9,0.1,2,17,70.5,345,7.41,480,6.8,47.6970450980392
"321",90,35,3.1,8.5,0.3,5,12,64.7,369,7.38,410,8.6,48.0792882352941
"322",63,40.4,3.6,24.3,0.1,5.1,31.6,68,323.35,7.8,446,10.2,47.6678709803922
"323",90,33,1.6,42,0.4,28,44,77.2,361,7.56,555,11.2,56.446262745098
"324",51.2,32.2,2.7,22.8,0.1,8.1,23.7,53,260.18,8.59,382,12.7,41.6492439215686
"325",75.6,37.2,4.2,44.8,0.5,3.3,22.4,72,341.63,7.36,474,14,53.8984525490196
"326",70.5,45,4.1,26.1,0.1,17.1,55.5,75,360.98,8.53,562,24.1,54.2714568627451
"327",99,35.9,0.32,14.4,0.22,5.52,30.5,56,380,7.86,528,8.37,47.4327380392157
"328",37,81.3,5.1,40,0.2,10,21,43.7,168,7.73,425,0.5,45.1613960784314
"329",50,22,6.7,36,0.3,5,15.3,55.6,215,7.4,432,0.8,42.9952305882353
"330",54,27,2.2,62,0.6,13,19.4,69.3,246,7.31,516,4.7,51.83088
"331",54,21,1.7,42,0.2,5,25,76.8,221,7.18,585,1.6,48.747231372549
"332",53,46,2.7,67,0.6,16,39,110.5,322,7.56,600,4,67.4663294117647
"333",92.4,60.6,1.05,43.2,0.35,63.1,71.8,101,375,8.17,630,2.37,68.9360278431373
"334",50,27,3.7,34,0.2,6,63,67.7,235.8,7.5,432,8.2,46.1147490196078
"335",45,13,0.4,32,0.4,8,16,39.9,166,7.73,255,2.7,34.940662745098
"336",34,15.8,1.4,27,0.2,1,16.9,38.2,150,7.1,296,6.6,31.5959819607843
"337",61,26,1.6,55,0.4,12,20,66.7,259.13,7.6,418,2.1,48.4084274509804
"338",49,39,5.6,34,0.5,13,26,66.6,283,7.42,428,0.3,49.8966196078431
"339",67,37,2.5,34,0.3,8,84,74.4,320,7.39,484,11.5,52.0093294117647
"340",116,38.8,1.58,10.8,0.13,20.1,40,84,320,8.12,518,10.6,57.184768627451
"341",61.9,26.9,1,111.6,0.5,34.7,50.6,82,265.08,7.14,554,3.4,58.2543866666667
"342",72,40,0.9,39,0.2,9,15,75.3,344,7.08,568,1.7,51.4226196078431
"343",70,54,4.1,44,0.1,16,28,90.1,397,7.45,584,15.8,58.6115098039216
"344",69,39.1,2.4,46.4,0.2,34.4,81.3,89,332.97,7.05,658,14,58.5203560784314
"345",60,40,5.9,55,0.3,14,38,84.8,314,7.45,660,3.4,57.9919764705882
"346",91.9,56.6,0.55,58.7,0.15,80,61.2,101,396,8.01,636,1.07,67.4002823529412
"347",87,45,1,31,0.2,6,25,80.6,402,7.16,620,14,55.4015490196078
"348",55.7,52.3,2.3,90.3,0.4,51.4,88.5,114,354.08,7.57,798,19.5,72.8831039215686
"349",19.5,7.4,1.4,18.9,0.2,4,10.5,23.3,79,7.31,240,0.6,24.4095666666667
"350",60,35,5.3,9.4,0.5,3,6.3,63.6,294,7.51,284,4.3,46.3584501960784
"351",71.2,42.7,1.5,52.8,0.2,19.5,62.4,77,353,7.03,500,5.8,53.1195937254902
"352",64.4,42.6,3.8,53.8,0.2,28.4,101.5,78,335.89,7.21,512,2.8,54.4850549019608
"353",49,36,2.1,53,0.2,31,23,73.2,271,7.35,524,4.5,50.226031372549
"354",57,43,8,57,0.2,14,43,87.2,319,7.3,590,8.6,57.7031254901961
"355",60,50,1.6,90,0.3,5,45,82.5,356,7.52,705,1.1,59.3415647058824
"356",80.9,38.4,1.19,37,0.12,8.73,26.7,77,341,8.09,480,4.37,52.1901317647059
"357",34.1,17.4,2.8,33.6,0.2,10.3,25.6,45,157,7.07,302,1.9,34.6561984313726
"358",58.7,31.7,0.8,41,0.2,8.2,37.4,60,276.84,7.05,388,5.3,43.4492760784314
"359",75,40,3.3,14.8,0.1,3,16.8,69.1,352,7.52,472,12.2,48.1278580392157
"360",53.3,46,1.1,53.3,0.5,31.3,58.9,75,322.18,7.19,538,23,55.7147525490196
"361",58,37,4.1,50,0.1,4,21,82.3,297,7.45,556,0.6,52.4775098039216
"362",94,33,2.3,16.7,0.3,3,9.9,69.4,371,7.01,572,6.8,50.8055447058824
"363",75,45,6.2,70,0.1,9,63,102.5,373,7.3,640,14.7,63.6435921568627
"364",61,37,1.8,98,0.7,11,46,96.8,305,7.4,674,24.6,66.3858039215686
"365",110,65,4.4,54,0.2,20,111,117,542,7.3,796,14.9,75.3001254901961
"366",34.6,48.6,5.4,220,0.6,10.7,14.8,122,286.22,7.4,828,4.8,78.9584305882353
"367",75,76,1.4,24,0.3,7,50,119.9,500,7.32,675,3,70.7019411764706
"368",106,33,3.44,47,0.33,19.1,33.5,88,401,8.02,580,21.9,61.5316235294118
"369",79.7,78.8,1.12,32.1,0.34,5.85,32.8,95,459,8.14,592,5.46,65.0950909803922
"370",36.4,23,2,34.2,0.1,8.7,26,44,185.42,7.23,302,3.6,34.3306039215686
"371",80,21,5.2,44,0.3,19,32,67.5,286,7.5,460,3,49.7542823529412
"372",80,34,1,13.9,0.2,5,12.1,54.7,340,7.34,505,1,43.9255101960784
"373",42.4,58.2,5.7,94,0.2,12.1,45.5,91,345.16,7.3,614,10.7,60.7993254901961
"374",57,30,2.2,61,0.1,13,53,57,266,7.1,198,5.9,40.915368627451
"375",33.4,20.1,3.8,45.3,0.1,5.5,9.2,46,166,7.31,316,2.8,35.1902733333333
"376",36,25,1.1,36,0.1,18,40,59.3,235,7,390,1.3,39.7575568627451
"377",44,18,1.9,75,0.4,7,67,73.6,183.81,7.9,440,7.9,50.144462745098
"378",77,40,2.5,47,0.3,18,60,83.9,356.63,7.6,530,3.9,57.0504941176471
"379",89,48,0.2,41,0.1,12,31,89.5,420,7.52,556,3.6,57.4720980392157
"380",108,38,1.3,59,0.4,34,60,102,426,6.9,624,7.5,66.3047450980392
"381",78,33,1.6,23,0.3,5,13.9,64.1,331,7.14,644,15,49.45268
"382",46.9,38.5,1.8,105,0.4,6.7,53.3,106,275,7.27,662,17.6,64.968128627451
"383",109,56,7.8,81,0.2,42,51,114,503,7.3,764,12.7,75.0275254901961
"384",26,16.8,1.6,36,0.5,9,26,43,134,6.75,334,4.5,35.9551607843137
"385",70.4,38.1,3.8,75.6,0.4,3.9,60.3,79,332.35,7.38,582,7.8,57.3882815686274
"386",49,35,3.9,125,0.6,60,100,108,266,7.2,714,3.7,70.9952470588235
"387",46.2,46.8,5.47,175,0.9,1.9,49,102,307.76,7.49,786,0.2,74.4724411764706
"388",99,45,0.8,38,0.3,13,74,96.7,432,6.9,812,22,64.8542117647059
"389",72,17.4,2.3,23,0.3,3,7,76.1,251,7.2,460,7.2,48.3256470588235
"390",79,58,5.2,39,0.2,26,42,94.4,436,7.3,592,12.75966,62.3043959701961
"391",165,89,7.4,150,0.4,163,372,178.1559,400,6.75,1166.558,30,118.21281745098
"392",56,27,3.6,40,1.838257,5.3,14.2,58,251,7.5,380,7.7,58.2577876862745
"393",56,27,3.6,40,1.838257,5.3,14.2,58,251,7.5,380,7.7,58.2577876862745
"394",70,36,2.7,35,2.631988,14.7,32,67.4,323,7.4,544,15.4,72.4570919215686
"395",44.91188,32.09557,3.284499,75.27451,0.1,17.420996,151.77289,65.7,263.4,7.175351,362,1,46.5701484182745
"396",96.3111,61.3838,4.214242,139.11728,1,8.104709,305.97159,137,366.1423,7.446149,758,1.8,91.8051501708627
"397",57.76021,36.63932,3.452172,79.0468,0.1,10.880711,180.80356,76.7,301.6711,7.207406,400,6.7,52.156792873451
"398",140.78767,74.567,4.264287,120.1749,0.2,43.728859,300.20663,138.8,489.7708,7.208243,752,0.4,89.8762724492549
"399",122.78154,76.08469,4.993479,153.83044,1.3,37.187088,361.4201,147.9,418.5394,7.911264,914,0.1,106.275931348275
"400",23.38182,19.29904,2.810366,54.74123,0.2,3.74969,131.08403,35.2,146.0813,7.510776,200,0.4,32.6017022773726
"401",509.75305,300.86594,31.785406,476.84943,0.7,122.720154,1892.86572,130.6,1054.8761,9.41662,800,112.3,198.89326140098
"402",143.46494,86.01402,8.554128,155.74597,0.1,21.490047,540.07269,85.8,417.2142,7.740288,522,28.9,79.250830603451
"403",36.71012,43.32438,7.418192,99.43423,1.8,39.184849,186.54765,87.1,295.453,7.903558,536,0.4,75.2097759783529
"404",46.80782,39.16075,4.136788,106.53799,1.2,29.580736,205.12263,99.9,272.9397,7.57871,546,2.7,72.6367829829412
"405",257.69174,160.71291,17.457861,321.1637,0.8,61.472626,1112.88147,113.6,582.9199,7.040758,650,63.2,130.577897741137
"406",170.64835,129.98386,16.978085,323.05722,2,32.518364,1090.70789,99.2,410.981,6.536681,428,72.2,122.985080995961
"407",55.95084,35.2333,2.542614,86.19701,0.2,41.331944,168.98328,75.7,284.0161,7.13633,438,1.4,53.671598236902
"408",63.39416,39.57216,3.025514,96.84389,0.3,23.206833,208.94627,78.2,294.0211,7.159892,534,1.4,57.9387186842353
"409",40.3212,40.35614,4.110653,103.31802,0.9,5.071183,184.84561,113.5,285.4102,7.403609,480,0.9,71.0544390628235
"410",25.95365,18.60485,3.275338,50.7048,0.1,3.155249,133.54422,29.9,138.7446,7.621577,174,0.4,30.106148857451
"411",45.9805,31.84962,3.14814,76.0358,0.2,5.631698,175.51476,68.2,266.6469,7.26002,386,7.8,48.6886701106667
"412",34.77836,27.1078,3.514952,66.25592,0.1,9.326563,141.17926,61,226.7975,7.314915,280,0.6,42.3702639755686
"413",78.41495,61.27864,7.233955,180.3929,0.9,58.824581,485.15167,81.9,294.142,6.129939,362,29.8,75.0677987432941
"414",26.28686,18.57584,2.049052,58.29885,0.5,16.31654,109.92986,37.1,163.2224,7.197488,190,0.9,35.7380005439608
"415",41.13742,30.58761,3.054263,86.26109,0.3,6.097943,205.58371,64.6,245.5379,7.181825,366,11.7,48.6524156845882
"416",162.46509,78.49622,4.201067,152.80542,0.6,141.547226,322.94839,133,434.9717,7.132718,864,0.4,100.358668137294
"417",49.50432,35.31281,3.226777,95.99219,0.5,6.486812,231.56306,77.4,255.3217,7.251495,462,9.8,57.2176377937255
"418",22.87058,25.02248,2.649082,68.29552,0.3,6.824918,142.68513,52.9,190.5186,7.342179,302,0.4,40.8448769797647
"419",32.24881,28.34256,2.404789,74.81565,0.3,16.256969,142.75198,64.9,232.6382,7.213902,364,2.1,46.4709105043529
"420",29.97871,17.56891,2.320405,56.0762,0.2,6.846793,102.07108,46.8,164.1363,7.354521,154,2,35.2243653864314
